FirstName,LastName,Team,Position,SalaryBase ($),SalaryGuaranteed ($)
Luis,Abram,Atlanta United,D,556364.0,695977.0
Lalas,Abubakar,Colorado Rapids,D,665000.0,702125.0
Nicolás,Acevedo,New York City FC,D-M,230000.0,274800.0
Alonso,Aceves,Chicago Fire,D,330000.0,368900.0
Ifunanyachi,Achara,Houston Dynamo,F,85444.0,85444.0
Kellyn,Acosta,LAFC,D-M,1250000.0,1365000.0
Bryan,Acosta,Portland Timbers,M,675000.0,731667.0
Luciano,Acosta,Cincinnati,M-F,1943500.0,2222854.0
Sam,Adekugbe,Vancouver Whitecaps,D,729516.0,817516.0
Samuel,Adeniran,St. Louis City SC,F,85444.0,85444.0
Harrison,Afful,Charlotte,D,85444.0,85444.0
Stephen,Afrifa,Sporting Kansas City,F,67360.0,67360.0
Willy,Agada,Sporting Kansas City,F,225000.0,271875.0
London,Aghedo,Cincinnati,D,67360.0,67360.0
Oskar,Agren,San Jose Earthquakes,D,85444.0,85444.0
Daniel,Aguirre,LA Galaxy,M,85444.0,85444.0
Patrick,Agyemang,Charlotte,F,67360.0,67360.0
Ali,Ahmed,Vancouver Whitecaps,M,85444.0,94819.0
Carlos,Akapo,San Jose Earthquakes,D,525000.0,570111.0
Matai,Akinmboni,DC United,D,67360.0,76860.0
Ayo,Akinola,San Jose Earthquakes,F,700000.0,771875.0
Joey,Akpunonu,Cincinnati,D,67360.0,69860.0
Jordi,Alba,Inter Miami,D,1000000.0,1250000.0
Caio,Alexandre Souza e Silva,Vancouver Whitecaps,M,500000.0,562500.0
Tony,Alfaro,LA Galaxy,D,120000.0,120000.0
Ibrahim,Aliyu,Houston Dynamo,F,425004.0,476383.0
Noah,Allen,Inter Miami,D,67360.0,67360.0
Rasmus,Alm,St. Louis City SC,M,220000.0,284425.0
Thiago,Almada,Atlanta United,M-F,1650000.0,2332000.0
Osvaldo,Alonso,Atlanta United,D-M,88200.0,88200.0
Jozy,Altidore,Major League Soccer,F,2381139.0,2939963.0
Fernando,Álvarez,CF Montreal,D,85444.0,117444.0
Leonardo,Alves Chú Franco,Seattle Sounders FC,M,550000.0,550000.0
Max,Alves da Silva,Colorado Rapids,M-F,232000.0,313360.0
Antony,Alves Santos,Portland Timbers,M,425000.0,490042.0
Frankie,Amaya,New York Red Bulls,M-F,350000.0,406406.0
Kemy,Amiche,Nashville SC,M,67360.0,67360.0
Malte,Amundsen,Columbus Crew,D,300000.0,338700.0
Max,Anchor,Vancouver Whitecaps,GK,67360.0,74802.0
Sebastian,Anderson,Colorado Rapids,D,120000.0,121667.0
Iván,Angulo,Orlando City SC,M,348000.0,380660.0
Marco,Angulo,Cincinnati,D-M,275000.0,323000.0
Eugene,Ansah,FC Dallas,M,200000.0,302833.0
Themi,Antonoglou,Toronto FC,D,68775.0,72880.0
Tah,Anunga,Nashville SC,M,250000.0,270000.0
César,Araújo,Orlando City SC,D-M,255000.0,294000.0
Héber,Araújo dos Santos,Seattle Sounders FC,F,930000.0,1019000.0
Cristian,Arango,Real Salt Lake,F,1899996.0,2088746.0
Miguel,Araujo,Portland Timbers,D,525000.0,680313.0
Scott,Arfield,Charlotte,M,400000.0,437500.0
Max,Arfsten,Columbus Crew,M,67360.0,69205.0
Santiago,Arias,Cincinnati,D,550000.0,611354.0
Adam,Armour,Major League Soccer,D,85444.0,85444.0
Xavier,Arreaga,Seattle Sounders FC,D,750000.0,750000.0
Kervin,Arriaga,Minnesota United,D-M,170000.0,189667.0
Paul,Arriola,FC Dallas,M,1550000.0,1729400.0
Dixon,Arroyo,Inter Miami,D-M,150000.0,297708.0
Yamil,Asad,DC United,M,100000.0,100000.0
Charlie,Asensio,Austin FC,D,68775.0,68775.0
Thor,Úlfarsson,Houston Dynamo,M-F,85444.0,97643.0
Dairon,Asprilla,Portland Timbers,M,365000.0,377500.0
Jean-Aniel,Assi,CF Montreal,M,85444.0,94749.0
Josh,Atencio,Seattle Sounders FC,D-M,92400.0,96762.0
Julián,Aude,LA Galaxy,D,275000.0,285000.0
Charles,Auguste,Houston Dynamo,M,67360.0,71110.0
Beto,Avila,Houston Dynamo,F,67360.0,67360.0
Tomás,Avilés,Inter Miami,D,360000.0,387500.0
David,Ayala,Portland Timbers,D-M,375000.0,496000.0
Edison,Azcona,Inter Miami,M,85444.0,85444.0
Roman,Bürki,St. Louis City SC,GK,1500000.0,1632469.0
Talles Magno,Bacelar Martins,New York City FC,M,950000.0,1198000.0
Dominique,Badji,Cincinnati,F,550000.0,605000.0
Drew,Baiera,New York City FC,D,67360.0,73296.0
Corey,Baird,Houston Dynamo,F,550000.0,581031.0
Esmir,Bajraktarevic,New England Revolution,M,85444.0,91367.0
Cody,Baker,Seattle Sounders FC,D,67360.0,73064.0
Reed,Baker-Whiting,Seattle Sounders FC,M,85444.0,105444.0
Monsef,Bakrar,New York City FC,F,336000.0,432720.0
Michael,Baldisimo,San Jose Earthquakes,D-M,85444.0,85444.0
Esequiel,Barco,Atlanta United,M,2200000.0,2200000.0
Tai,Baribo,Philadelphia Union,F,600000.0,710000.0
Tom,Barlow,New York Red Bulls,F,195000.0,206625.0
Luis,Barraza,New York City FC,GK,145000.0,152688.0
Álvaro,Barreal,Cincinnati,M,300000.0,519297.0
Michael,Barrios,LA Galaxy,M,650000.0,680000.0
Lucas,Bartlett,St. Louis City SC,D,85444.0,85444.0
Ethan,Bartlow,Houston Dynamo,D,125000.0,135000.0
Cole,Bassett,Colorado Rapids,M-F,450000.0,450000.0
Amine,Bassi,Houston Dynamo,M-F,550000.0,550000.0
Josh,Bauer,Nashville SC,D,89716.0,89716.0
Tanner,Beason,San Jose Earthquakes,D,250000.0,250000.0
Gavin,Beavers,Real Salt Lake,GK,85444.0,91027.0
Simon,Becher,Vancouver Whitecaps,F,67360.0,70485.0
Alejandro,Bedoya,Philadelphia Union,M,780000.0,1060000.0
Steven,Beitashour,Colorado Rapids,D,150000.0,172500.0
Jon,Bell,St. Louis City SC,D,88200.0,88200.0
Nico,Benalcázar,New York City FC,D,68775.0,68775.0
Ben,Bender,Charlotte,M,85444.0,105444.0
Joe,Bendik,Philadelphia Union,GK,175000.0,192500.0
Julio,Benitez,Real Salt Lake,D-M,85444.0,95069.0
Christian,Benteke,DC United,F,4250000.0,4432778.0
Nimfasha,Berchimas,Charlotte,M,67360.0,82294.0
Sebastian,Berhalter,Vancouver Whitecaps,M,150000.0,160250.0
Federico,Bernardeschi,Toronto FC,M,3125000.0,6295381.0
Miguel,Berry,Atlanta United,F,135000.0,135000.0
Matt,Bersano,Austin FC,GK,125000.0,132500.0
Victor,Bezerra,Chicago Fire,F,85444.0,97905.0
David,Bingham,Portland Timbers,GK,85444.0,85444.0
Steve,Birnbaum,DC United,D,815000.0,815000.0
Stipe,Biuk,LAFC,M,650000.0,650000.0
Tristan,Blackmon,Vancouver Whitecaps,D,400000.0,451208.0
Andre,Blake,Philadelphia Union,GK,775000.0,894375.0
Sebastián,Blanco,Portland Timbers,M-F,1380000.0,1748000.0
Latif,Blessing,Toronto FC,M-F,600000.0,665000.0
Njabulo,Blom,St. Louis City SC,D-M,246000.0,338250.0
Emmanuel,Boateng,New England Revolution,M,85444.0,95784.0
Isaac,Boehmer,Vancouver Whitecaps,GK,68775.0,68775.0
Mateusz,Bogusz,LAFC,M-F,650000.0,650000.0
Franck,Boli,Portland Timbers,F,450000.0,532000.0
Josh,Bolma,New England Revolution,M,67360.0,74027.0
Moïse,Bombito,Colorado Rapids,D,67360.0,85572.0
Jonathan,Bond,LA Galaxy,GK,475000.0,525833.0
Pablo,Bonilla,Major League Soccer,D,135000.0,147667.0
Alex,Bono,DC United,GK,85444.0,105444.0
Shanyder,Borgelin,Inter Miami,F,67360.0,69860.0
Dylan,Borrero,New England Revolution,M,575000.0,638962.0
Gustavo,Bou,New England Revolution,F,2500000.0,2675000.0
Denis,Bouanga,LAFC,M,2083333.0,2472222.0
Ousseni,Bouda,San Jose Earthquakes,M,100000.0,112500.0
Aaron,Boupendza,Cincinnati,F,720000.0,1127600.0
Michael,Boxall,Minnesota United,D,650000.0,703097.0
Tyler,Boyd,LA Galaxy,M,275000.0,350000.0
Michael,Bradley,Toronto FC,M,614286.0,614286.0
Chris,Brady,Chicago Fire,GK,189996.0,213246.0
Zachary,Brault-Guillard,CF Montreal,D,275000.0,319375.0
Claudio,Bravo,Portland Timbers,D,315000.0,371654.0
Ethan,Bristow,Minnesota United,D,85444.0,136630.0
Andrew,Brody,Real Salt Lake,D,250000.0,275678.0
Brandt,Bronico,Charlotte,M,310000.0,348375.0
Javain,Brown,Vancouver Whitecaps,D,140000.0,153688.0
Gastón,Brugman,LA Galaxy,D-M,1200000.0,1409000.0
Will,Bruin,Austin FC,F,200000.0,200000.0
Noel,Buck,New England Revolution,M,67360.0,67360.0
Jesús,Bueno,Philadelphia Union,D-M,170000.0,185378.0
Teal,Bunbury,Nashville SC,F,425000.0,469167.0
Nkosi Tafari,Burgess,FC Dallas,D,240750.0,240750.0
Cory,Burke,New York Red Bulls,F,500000.0,571871.0
Kendall,Burks,Chicago Fire,D,88200.0,88200.0
Evan,Bush,Columbus Crew,GK,88200.0,88200.0
Sergio,Busquets,Inter Miami,D-M,1500000.0,1775000.0
Brandon,Bye,New England Revolution,D,350000.0,368813.0
Nathan,Byrne,Charlotte,D,560000.0,607833.0
Martín,Cáceres,LA Galaxy,D,500004.0,556671.0
Jorge,Cabezas,New York Red Bulls,F,85444.0,85444.0
Kévin,Cabral,Colorado Rapids,M,1800000.0,1800000.0
Déiber,Caicedo,Vancouver Whitecaps,M,350000.0,381125.0
Luis,Caicedo,Houston Dynamo,D-M,110000.0,110000.0
Scott,Caldwell,Real Salt Lake,M,225000.0,230000.0
Lucas Felipe,Calegari,LA Galaxy,D,550000.0,611564.0
Noel,Caliskan,Portland Timbers,M,67360.0,67360.0
Drake,Callender,Inter Miami,GK,300000.0,355917.0
Rudy,Camacho,Columbus Crew,D,500000.0,554000.0
Brandon,Cambridge,Charlotte,M,67360.0,75386.0
Matteo,Campagna,Vancouver Whitecaps,D,85444.0,94456.0
Leonardo,Campana,Inter Miami,F,549996.0,672329.0
George,Campbell,CF Montreal,D,325000.0,365625.0
Russell,Canouse,DC United,M,575000.0,575000.0
Wikelman,Carmona,New York Red Bulls,M-F,85444.0,88194.0
Julián,Carranza,Philadelphia Union,F,950000.0,950000.0
Adalberto,Carrasquilla,Houston Dynamo,M,500000.0,550224.0
Antonio,Carrera,FC Dallas,GK,85444.0,104963.0
Máximo,Carrizo,New York City FC,M-F,67360.0,111597.0
Wilder,Cartagena,Orlando City SC,D-M,348000.0,388250.0
Javier,Casas,Chicago Fire,M,85444.0,87344.0
Julio,Cascante,Austin FC,D,620000.0,693750.0
Robert,Castellanos,Sporting Kansas City,D,85444.0,85444.0
Jacob,Castro,Seattle Sounders FC,GK,67360.0,67360.0
Roman,Celentano,Cincinnati,GK,100000.0,149000.0
Erik,Centeno,Atlanta United,D,67360.0,79136.0
Edwin,Cerrillo,LA Galaxy,D-M,149500.0,164500.0
Daniel,Chacón,Colorado Rapids,D,67360.0,75110.0
Tomás,Chancalay,New England Revolution,M,666250.0,726250.0
Maikel,Chang,Real Salt Lake,M,170000.0,193750.0
Diego,Chará,Portland Timbers,M,650000.0,658333.0
Yimmi,Chará,Portland Timbers,M,1500000.0,1803000.0
Yevgen,Cheberko,Columbus Crew,D,370000.0,418250.0
Giorgio,Chiellini,LAFC,D,1000000.0,1075000.0
Mathieu,Choinière,CF Montreal,M,250000.0,276667.0
Machop,Chol,Atlanta United,M,89716.0,89716.0
Cam,Cilley,San Jose Earthquakes,M,67360.0,67360.0
Ozzie,Cisneros,Sporting Kansas City,M-F,85444.0,88444.0
Abdoulaye,Cissoko,Seattle Sounders FC,D,85444.0,85444.0
Steve,Clark,Houston Dynamo,GK,560000.0,619281.0
Stefan,Cleveland,Seattle Sounders FC,GK,200000.0,217500.0
Noah,Cobb,Atlanta United,D,67360.0,67360.0
Alonso,Coello,Toronto FC,D-M,67360.0,71693.0
Jackson,Conway,Atlanta United,F,89716.0,89716.0
Enzo,Copetti,Charlotte,F,1000000.0,1142250.0
Gabriele,Corbo,CF Montreal,D,216350.0,216350.0
Gabriel,Cordeiro Pirani,DC United,M,530000.0,596700.0
Carlos,Coronel,New York Red Bulls,GK,490000.0,539649.0
Guzmán,Corujo,Charlotte,D,625000.0,658500.0
Douglas,Costa,LA Galaxy,M,3000000.0,4508333.0
Séga,Coulibaly,Major League Soccer,D,480000.0,517000.0
Cade,Cowell,San Jose Earthquakes,M,600000.0,689909.0
Maxime,Crépeau,LAFC,GK,350000.0,377500.0
Brandan,Craig,Philadelphia Union,D,115000.0,127825.0
Michael,Creek,St. Louis City SC,GK,85444.0,85444.0
Benja,Cremaschi,Inter Miami,M,67360.0,69360.0
Danny,Crisostomo,LAFC,D-M,85444.0,85444.0
Andrés,Cubas,Vancouver Whitecaps,D-M,1050000.0,1146375.0
Mauricio,Cuevas,LA Galaxy,D,100000.0,118500.0
Braian,Cufré,New York City FC,D,672000.0,757800.0
Antônio Carlos,Cunha Capocasali Junior,Orlando City SC,D,900000.0,925000.0
Rafael,Czichos,Chicago Fire,D,1300000.0,1336667.0
Evander,da Silva Ferreira,Portland Timbers,M,1885000.0,2230000.0
Luis,Díaz,Colorado Rapids,M,500000.0,533900.0
Cristian,Dájome,DC United,M,900000.0,965625.0
Bajung,Darboe,LAFC,M,67360.0,79740.0
Éric,Davis,DC United,D,180000.0,212500.0
Sean,Davis,Nashville SC,M,825000.0,939000.0
Jake,Davis,Sporting Kansas City,D,85444.0,85444.0
Ocimar,de Almeida Júnior,Orlando City SC,M,360000.0,360000.0
Thiago Eduardo,de Andrade,New York City FC,M,200000.0,219600.0
Geovane,de Jesus Rocha,FC Dallas,D,250000.0,297000.0
José Artur,de Lima Júnior,Houston Dynamo,D-M,600000.0,651633.0
Gregore,de Magalhães da Silva,Inter Miami,D-M,725000.0,961250.0
Daniel,de Sousa Britto,San Jose Earthquakes,GK,400000.0,400000.0
Jonathan,Dean,Chicago Fire,D,85444.0,93611.0
Brecht,Dejaegere,Charlotte,M,820000.0,999375.0
Mark,Delgado,LA Galaxy,M,750000.0,826250.0
Nick,DePuy,Nashville SC,D,252000.0,252000.0
Bakaye,Dibassy,Minnesota United,D,600000.0,661250.0
Eric,Dick,Minnesota United,GK,85444.0,85444.0
Adama,Diomande,Toronto FC,F,525000.0,585000.0
Hamady,Diop,Charlotte,D,67360.0,74860.0
Clément,Diop,Atlanta United,GK,85444.0,85444.0
Sofiane,Djeffal,Austin FC,M,75325.0,75325.0
Moussa,Djitté,Austin FC,F,600000.0,600000.0
Ethan,Dobbelaere,Seattle Sounders FC,M,104000.0,118000.0
Ronald,Donkor,New York Red Bulls,M,120000.0,145400.0
Chris,Donovan,Philadelphia Union,F,68775.0,68775.0
Griffin,Dorsey,Houston Dynamo,D,150000.0,165000.0
CJ,dos Santos,Inter Miami,GK,67360.0,72660.0
Micael,dos Santos Silva,Houston Dynamo,D,120000.0,134250.0
Hassani,Dotson,Minnesota United,M,450000.0,507500.0
Ousmane,Doumbia,Chicago Fire,D-M,420000.0,564000.0
Sebastián,Driussi,Austin FC,M-F,3800000.0,6022500.0
Érik,Dueñas,LAFC,M,125000.0,127000.0
Cameron,Duke,Sporting Kansas City,M,137500.0,140500.0
Bryce,Duke,CF Montreal,M,150000.0,231875.0
Cameron,Dunbar,Minnesota United,M,165000.0,181750.0
Kyle,Duncan,New York Red Bulls,D,500000.0,555750.0
Chris,Durkin,DC United,D-M,425000.0,481250.0
Dom,Dwyer,Major League Soccer,F,85444.0,85444.0
Jeremy,Ebobisse,San Jose Earthquakes,F,763980.0,909863.0
Daniel,Edelman,New York Red Bulls,D-M,85444.0,93026.0
Raheem,Edwards,LA Galaxy,D,315000.0,347500.0
Michael,Edwards,Colorado Rapids,D,125000.0,125000.0
Earl,Edwards Jr.,New England Revolution,GK,125000.0,125000.0
Jack,Elliott,Philadelphia Union,D,750000.0,843750.0
Fred,Emmings,Minnesota United,GK,85444.0,91444.0
Herbert,Endeley,FC Dallas,D,67360.0,67360.0
Emeka,Eneli,Real Salt Lake,D,67360.0,67360.0
Ramiro,Enrique,Orlando City SC,F,318182.0,375909.0
Franco,Escobar,Houston Dynamo,D,475000.0,524167.0
Cristian,Espinoza,San Jose Earthquakes,M,1150000.0,1265000.0
Róger,Espinoza,Sporting Kansas City,M,85444.0,85444.0
Bento,Estrela,New York Red Bulls,M,85444.0,109444.0
Derrick,Etienne Jr.,Atlanta United,M,676250.0,676250.0
Diego,Fagúndez,LA Galaxy,M,1000000.0,1060000.0
José,Fajardo,DC United,F,240000.0,269500.0
Mamadou,Fall,LAFC,D,149000.0,161750.0
Facundo,Farías,Inter Miami,M-F,500000.0,525000.0
Marco,Farfán,FC Dallas,D,425000.0,457813.0
Zack,Farnsworth,Real Salt Lake,D,115000.0,129750.0
Andrew,Farrell,New England Revolution,D,651250.0,651250.0
Mohamed,Farsi,Columbus Crew,D,67360.0,74735.0
Lucas Maciel,Felix,New England Revolution,M,85444.0,85444.0
Marcus,Ferkranus,LA Galaxy,D,125000.0,138625.0
Julián,Fernández,New York City FC,M,540000.0,604300.0
Omir,Fernandez,New York Red Bulls,M,161000.0,173000.0
Jesús,Ferreira,FC Dallas,F,1650000.0,1852000.0
Sebastián,Ferreira,Houston Dynamo,F,1760000.0,2130200.0
Ethan,Finlay,Austin FC,M,425000.0,425000.0
Leon,Flach,Philadelphia Union,M,280000.0,294500.0
Kristian,Fletcher,DC United,M,85444.0,104953.0
Danny,Flores,Sporting Kansas City,M,67360.0,67360.0
CJ,Fodrey,Austin FC,M,67360.0,69360.0
Andreu,Fontàs,Sporting Kansas City,D,450000.0,450000.0
Kortne,Ford,Sporting Kansas City,D,165000.0,170000.0
Ajani,Fortune,Atlanta United,M,67360.0,67360.0
Isaiah,Foster,Cincinnati,D,85444.0,89823.0
Franco,Fragapane,Minnesota United,M,260000.0,267500.0
Iván,Franco,Houston Dynamo,M,335000.0,384250.0
Kobe,Franklin,Toronto FC,D,67360.0,78162.0
Liam,Fraser,FC Dallas,D-M,130000.0,157750.0
Ian,Fray,Inter Miami,D,110000.0,110000.0
Alex,Freeman,Orlando City SC,D,67360.0,71360.0
Tyler,Freeman,Nashville SC,F,67360.0,67360.0
Matt,Freese,New York City FC,GK,161250.0,180000.0
Stefan,Frei,Seattle Sounders FC,GK,650000.0,650000.0
Diego,Gómez,Inter Miami,M,500000.0,504167.0
Tomás,Gómez,Real Salt Lake,GK,85444.0,85444.0
Carlos Andrés,Gómez,Real Salt Lake,M,220000.0,252000.0
Yeimar,Gómez Andrade,Seattle Sounders FC,D,672732.0,741820.0
Raymon,Gaddis,Cincinnati,D,300000.0,300000.0
McKinze,Gaines,Charlotte,M,100000.0,102750.0
Julian,Gaines,LAFC,D,104004.0,107337.0
Jeff,Gal,Chicago Fire,GK,85444.0,85444.0
Jon,Gallagher,Austin FC,D,300000.0,300000.0
Pedro,Gallese,Orlando City SC,GK,720000.0,1009333.0
Braian,Galván,Colorado Rapids,M,365700.0,462022.0
Jeremy,Garay,DC United,D-M,67360.0,71410.0
Mender,García,Minnesota United,F,350000.0,372313.0
Justin,Garces,Atlanta United,GK,68775.0,68775.0
Chase,Gasper,Houston Dynamo,D,400000.0,425000.0
Ryan,Gauld,Vancouver Whitecaps,M-F,2400000.0,2505000.0
Luka,Gavran,Toronto FC,GK,67360.0,70827.0
Dániel,Gazdag,Philadelphia Union,M-F,1200000.0,1355000.0
Alex,Gersbach,Colorado Rapids,D,230000.0,270433.0
Georgios,Giakoumakis,Atlanta United,F,1576636.0,2160453.0
Carles,Gil,New England Revolution,M-F,3250000.0,3545833.0
Nacho,Gil,New England Revolution,M,375000.0,396250.0
Gastón,Giménez,Chicago Fire,D-M,1600000.0,1633333.0
Francisco,Ginella,LAFC,M,475000.0,516667.0
Nicholas,Gioacchini,St. Louis City SC,F,380004.0,399287.0
Justen,Glad,Real Salt Lake,D,725000.0,905000.0
Jakob,Glesnes,Philadelphia Union,D,900000.0,1038125.0
Chris,Gloster,Major League Soccer,D,250000.0,260000.0
Caden,Glover,St. Louis City SC,F,67360.0,72360.0
Aníbal,Godoy,Nashville SC,D-M,750000.0,821250.0
Gastón,González,Orlando City SC,M,330000.0,332000.0
Mario,González,LAFC,F,888500.0,888500.0
Omar,González,New England Revolution,D,425000.0,450000.0
Leandro,González Pírez,Inter Miami,D,935004.0,1095254.0
Tayvon,Gray,New York City FC,D,300000.0,350000.0
Jacob,Greene,DC United,D,89716.0,92716.0
Ruan,Gregório Teixeira,DC United,D,400000.0,400000.0
Ján,Gregus,Minnesota United,M,240000.0,266750.0
Julian,Gressel,Columbus Crew,M,884000.0,930406.0
Adam,Grinwis,Orlando City SC,GK,85444.0,85444.0
Carlos,Gruezo,San Jose Earthquakes,D-M,1350000.0,1571086.0
Cristián,Gutiérrez,Toronto FC,D,300000.0,311667.0
Brian,Gutiérrez,Chicago Fire,M-F,200004.0,240004.0
Diego,Gutiérrez,Portland Timbers,F,68775.0,68775.0
Felipe,Gutiérrez,Sporting Kansas City,M,165000.0,165000.0
Andrew,Gutman,Colorado Rapids,D,350000.0,381250.0
Brad,Guzan,Atlanta United,GK,600000.0,612500.0
Justin,Haak,New York City FC,M,150000.0,165000.0
Luke,Haakenson,Nashville SC,M,88200.0,88200.0
Kamron,Habibullah,Vancouver Whitecaps,M,85444.0,95044.0
Teenage,Hadebe,Houston Dynamo,D,1122900.0,1288077.0
Nick,Hagglund,Cincinnati,D,175000.0,188521.0
Maren,Haile-Selassie,Chicago Fire,M,264000.0,279800.0
Julian,Hall,New York Red Bulls,M,85444.0,167685.0
Michael,Halliday,Orlando City SC,D,110000.0,116300.0
Bret,Halsey,Cincinnati,D,85444.0,94194.0
Ahmed,Hamdi,CF Montreal,M-F,500000.0,597500.0
Ian,Harkes,New England Revolution,M,240000.0,251583.0
Cameron,Harper,New York Red Bulls,M,250000.0,301250.0
Nathan,Harriel,Philadelphia Union,D,160000.0,181675.0
Calvin,Harris,Colorado Rapids,M,100000.0,113000.0
Thomas,Hasal,Vancouver Whitecaps,GK,203000.0,222412.0
Stuart,Hawkins,Seattle Sounders FC,D,67360.0,79381.0
Matt,Hedges,Austin FC,D,776250.0,908859.0
Chris,Hegardt,Charlotte,D-M,85444.0,92956.0
Fabian,Herbers,Chicago Fire,M,310000.0,331250.0
Cucho,Hernández,Columbus Crew,F,2600000.0,2886000.0
Ronald,Hernández,Atlanta United,D,375000.0,375000.0
Felipe,Hernández,Sporting Kansas City,M,175000.0,207000.0
Javier,Hernández Balcázar,LA Galaxy,F,6000000.0,7443750.0
Aarón,Herrera,CF Montreal,D,725000.0,820220.0
Héctor,Herrera,Houston Dynamo,M,4750000.0,5246875.0
Bode,Hidalgo,Real Salt Lake,D,104000.0,108294.0
Kyle,Hiebert,St. Louis City SC,D,85444.0,85444.0
Brendan,Hines-Ike,DC United,D,425000.0,467917.0
Bongokuhle,Hlongwane,Minnesota United,M,560000.0,610000.0
Junior,Hoilett,Vancouver Whitecaps,M,228000.0,228000.0
Ryan,Hollingshead,LAFC,D,515000.0,515000.0
Erik,Holt,Real Salt Lake,D,200000.0,218750.0
Jackson,Hopkins,DC United,F,85444.0,85730.0
Matthew,Hoppe,San Jose Earthquakes,F,650004.0,725004.0
Keegan,Hughes,Columbus Crew,D,85444.0,85444.0
Erik,Hurtado,DC United,F,85444.0,102216.0
Franco,Ibarra,Atlanta United,D-M,550000.0,620000.0
Sebastien,Ibeagha,FC Dallas,D,520000.0,583625.0
Sunusi,Ibrahim,CF Montreal,F,200000.0,291250.0
Tega,Ikoba,Portland Timbers,F,89716.0,89716.0
Mitja,Ilenic,New York City FC,D,204000.0,295700.0
Ilias,Iliadis,CF Montreal,D-M,85444.0,92319.0
Marko,Ilic,Colorado Rapids,GK,420000.0,442850.0
Asier,Illarramendi,FC Dallas,D-M,300000.0,339750.0
Lorenzo,Insigne,Toronto FC,M,7500000.0,15400000.0
Clint,Irwin,Minnesota United,GK,190000.0,203533.0
Aljaz,Ivacic,Portland Timbers,GK,375000.0,460000.0
Emmanuel,Iwe,Minnesota United,M,67360.0,67360.0
Kamil,Józwiak,Charlotte,M,1100000.0,1217000.0
Ousman,Jabang,CF Montreal,D-M,67360.0,67360.0
Jacob,Jackson,New England Revolution,GK,68775.0,68775.0
Aziel,Jackson,St. Louis City SC,M-F,85444.0,89341.0
Bertin,Jacquesson,Real Salt Lake,M,67360.0,74686.0
Eldin,Jakupovic,LAFC,GK,100000.0,112000.0
Robin,Jansson,Orlando City SC,D,575000.0,631250.0
Andres,Jasson,New York City FC,M,125000.0,142144.0
Mohanad,Jeahze,DC United,D,660000.0,660000.0
Corentin,Jean,Inter Miami,F,720000.0,788400.0
Cole,Jensen,Inter Miami,GK,67360.0,67360.0
Isak,Jensen,St. Louis City SC,M,175000.0,228250.0
Sang-bin,Jeong,Minnesota United,F,548000.0,654708.0
Ryen,Jiba,Minnesota United,D,67360.0,67360.0
Jesús,Jiménez,FC Dallas,F,1100000.0,1219927.0
Héctor,Jiménez,Austin FC,D,85444.0,85444.0
Jonathan,Jiménez,New York City FC,M,68775.0,68775.0
Stiven,Jimenez,Cincinnati,D-M,67360.0,67360.0
Sean,Johnson,Toronto FC,GK,405751.0,683013.0
Levonte,Johnson,Vancouver Whitecaps,M,67360.0,67360.0
Derrick,Jones,Charlotte,M,325000.0,347969.0
DeJuan,Jones,New England Revolution,D,375000.0,395000.0
Dejan,Joveljic,LA Galaxy,F,651250.0,651250.0
Preston,Judd,LA Galaxy,F,67360.0,67360.0
Anderson,Julio,Real Salt Lake,M,750000.0,820000.0
Sam,Junqua,FC Dallas,D,85444.0,93777.0
Kristijan,Kahlina,Charlotte,GK,500000.0,526875.0
Brent,Kallman,Minnesota United,D,160000.0,168000.0
Kei,Kamara,Chicago Fire,F,200000.0,210000.0
Bernard,Kamungo,FC Dallas,M,85444.0,85444.0
Alec,Kann,Cincinnati,GK,200000.0,220833.0
Mark-Anthony,Kaye,New England Revolution,M,750000.0,750000.0
Axel,Kei,Real Salt Lake,F,85444.0,101444.0
Aboubacar,Keita,Colorado Rapids,D,215000.0,245313.0
Kipp,Keller,Austin FC,D,100000.0,112500.0
Deandre,Kerr,Toronto FC,M,85444.0,90763.0
Henry,Kessler,New England Revolution,D,200000.0,217500.0
Logan,Ketterer,CF Montreal,GK,88200.0,88200.0
Benjamin,Kikanovic,San Jose Earthquakes,M,130000.0,135775.0
Gadi,Kinda,Sporting Kansas City,M-F,850000.0,918000.0
Sota,Kitahara,Seattle Sounders FC,D-M,67360.0,69860.0
João,Klauss de Mello,St. Louis City SC,F,1230000.0,1370284.0
Mateusz,Klich,DC United,M,1900000.0,2093588.0
Jonathan,Klinsmann,LA Galaxy,GK,200004.0,200004.0
Zan,Kolmanic,Austin FC,D,325000.0,325000.0
Amet,Korca,FC Dallas,D,85444.0,85444.0
Georgios,Koutsias,Chicago Fire,F,470800.0,470800.0
Sebastian,Kowalczyk,Houston Dynamo,M-F,85444.0,155062.0
Filip,Krastev,LAFC,M,500000.0,557000.0
Damir,Kreilach,Real Salt Lake,M,1650000.0,1650000.0
Sergiy,Kryvtsov,Inter Miami,D,555500.0,614500.0
Theodore,Ku-DiPietro,DC United,M-F,85444.0,85444.0
Yuya,Kubo,Cincinnati,M-F,1091000.0,1206750.0
Jojea,Kwizera,CF Montreal,M,68775.0,68775.0
Jasper,Löffelsend,Real Salt Lake,M,96600.0,96600.0
Eduard,Löwen,St. Louis City SC,M,1200000.0,1344250.0
Mathías,Laborda,Vancouver Whitecaps,D,760000.0,903625.0
Jake,LaCava,Inter Miami,M,85444.0,85444.0
Kevon,Lambert,Real Salt Lake,D-M,180000.0,198150.0
Lassi,Lappalainen,CF Montreal,M,630000.0,660000.0
Oliver,Larraz,Colorado Rapids,M,85444.0,85444.0
Richie,Laryea,Vancouver Whitecaps,D,1436338.0,1436338.0
Damian,Las,Austin FC,GK,67360.0,67360.0
Ariel,Lassiter,CF Montreal,M,220000.0,240280.0
Randall,Leal,Nashville SC,M,1000000.0,1115000.0
Richard,Ledezma,New York City FC,M-F,350000.0,396000.0
Kelvin,Leerdam,LA Galaxy,D,300000.0,335000.0
Tim,Leibold,Sporting Kansas City,D,500000.0,501050.0
Brooks,Lennon,Atlanta United,D,700000.0,700000.0
Tony,Leone,LAFC,D,125000.0,127000.0
Jonathan,Lewis,Colorado Rapids,M,410000.0,435000.0
Danny,Leyva,Colorado Rapids,D-M,200000.0,224900.0
Nick,Lima,Austin FC,D,375000.0,375000.0
Lucas,Lima Linhares,New York Red Bulls,M-F,1155000.0,1206042.0
Jaylin,Lindsey,Charlotte,D,250000.0,286250.0
Sebastian,Lletget,FC Dallas,M,700000.0,791250.0
Saba,Lobjanidze,Atlanta United,M,2052000.0,2150750.0
Robin,Lod,Minnesota United,M,900000.0,1039375.0
Nicolás,Lodeiro,Seattle Sounders FC,M-F,2640000.0,3256667.0
Aaron,Long,LAFC,D,1199772.0,1243056.0
Ahmed,Longmire,Nashville SC,D,67360.0,67360.0
Marvin,Loría,Portland Timbers,M,200000.0,239375.0
Evan,Louro,Cincinnati,GK,88200.0,88200.0
Daniel,Lovitz,Nashville SC,D,551250.0,568750.0
Damion,Lowe,Philadelphia Union,D,275000.0,318333.0
Favian,Loyola,Orlando City SC,M-F,67360.0,69495.0
Rafael,Lucas Cardoso dos Santos,Orlando City SC,D,300000.0,326188.0
Diego,Luna,Real Salt Lake,M-F,120000.0,134380.0
Adam,Lundqvist,Austin FC,D,350000.0,397500.0
Ben,Lundt,St. Louis City SC,GK,100000.0,112833.0
Jack,Lynn,Orlando City SC,F,68775.0,68775.0
Larrys,Mabiala,Portland Timbers,D,400000.0,412500.0
Aimé,Mabika,Toronto FC,D,85444.0,93569.0
Zac,MacMath,Real Salt Lake,GK,350000.0,350000.0
Lukas,MacNaughton,Nashville SC,D,85444.0,87544.0
Jack,Maher,Nashville SC,D,260004.0,355471.0
Cassius,Mailula,Toronto FC,M,275000.0,291003.0
Olwethu,Makhanya,Philadelphia Union,D,150000.0,188875.0
Christian,Makoun,New England Revolution,D,225000.0,225000.0
Adilson,Malanda,Charlotte,D,275000.0,303083.0
Denil,Maldonado,LAFC,D,355000.0,386167.0
Elias,Manoel Alves de Paula,New York Red Bulls,F,420000.0,497250.0
JT,Marcinkowski,San Jose Earthquakes,GK,350000.0,350000.0
AJ,Marcucci,New York Red Bulls,GK,85444.0,85444.0
Paul,Marie,San Jose Earthquakes,D,180000.0,191375.0
Anthony,Markanich,St. Louis City SC,D,68775.0,68775.0
George,Marks,Charlotte,GK,68775.0,68775.0
Mikael,Marqués,Minnesota United,D,100000.0,116250.0
Jahkeele,Marshall-Rutty,Toronto FC,D,152500.0,159313.0
Nick,Marsman,Major League Soccer,GK,474996.0,587184.0
Josef,Martínez,Inter Miami,F,4000000.0,4391667.0
José,Martínez,Philadelphia Union,D-M,550000.0,772500.0
José Antonio,Martínez,FC Dallas,D,700000.0,773000.0
Alonso,Martínez,New York City FC,M,249996.0,278479.0
Ben,Martino,Nashville SC,GK,67360.0,87610.0
Felipe,Martins,Orlando City SC,M,85444.0,85444.0
Luís,Martins,Vancouver Whitecaps,D,300000.0,300000.0
Thiago,Martins,New York City FC,D,1650000.0,2112000.0
Alexandru,Matan,Columbus Crew,M,450000.0,483250.0
Jimmy,Maurer,FC Dallas,GK,300000.0,317938.0
Chris,Mavinga,LA Galaxy,D,399996.0,452496.0
Andreas,Maxsö,Colorado Rapids,D,1100000.0,1292500.0
Olivier,Mbaizo,Philadelphia Union,D,300000.0,373589.0
Hugo,Mbongue,Toronto FC,F,67360.0,78787.0
John,McCarthy,LAFC,GK,115000.0,121667.0
Dax,McCarty,Nashville SC,M,275000.0,302500.0
Aiden,McFadden,Atlanta United,D,85444.0,85444.0
Christian,McFarlane,New York City FC,D,85444.0,108700.0
Jack,McGlynn,Philadelphia Union,M,160000.0,186533.0
Zac,McGraw,Portland Timbers,D,130000.0,151875.0
Duncan,McGuire,Orlando City SC,F,67360.0,77360.0
Kendall,McIntosh,Sporting Kansas City,GK,130000.0,130000.0
Tommy,McNamara,New England Revolution,M,420000.0,420000.0
Christopher,McVey,Inter Miami,D,219996.0,244296.0
Ryan,Meara,New York Red Bulls,GK,280000.0,280000.0
Cruz,Medina,San Jose Earthquakes,M-F,85444.0,103838.0
Jimmy,Medranda,Columbus Crew,D,300000.0,331250.0
Tim,Melia,Sporting Kansas City,GK,625000.0,637500.0
Jonathan,Mensah,San Jose Earthquakes,D,1025000.0,1165667.0
Justin,Meram,Charlotte,M,450000.0,493750.0
Lionel,Messi,Inter Miami,M,12000000.0,20446667.0
Matt,Miazga,Cincinnati,D,1500000.0,1500000.0
Novak,Micovic,LA Galaxy,GK,67360.0,67360.0
Matko,Miljevic,CF Montreal,M,545455.0,593364.0
Kamal,Miller,Inter Miami,D,375000.0,420000.0
Eric,Miller,Portland Timbers,D,120000.0,135000.0
Tyler,Miller,DC United,GK,400000.0,425000.0
Juan,Mina,New York Red Bulls,D,131000.0,146432.0
João Paulo,Mior,Seattle Sounders FC,M,1300000.0,1383333.0
Cody,Mizell,New York City FC,GK,85444.0,85444.0
Shak,Mohammed,Orlando City SC,M,85444.0,102444.0
Kevin,Molino,Columbus Crew,M,735367.0,735367.0
Alex,Monis,Chicago Fire,M,85444.0,87344.0
Jamiro,Monteiro,San Jose Earthquakes,M,1200000.0,1293500.0
Fredy,Montero,Seattle Sounders FC,F,195000.0,195000.0
Shaq,Moore,Nashville SC,D,725000.0,806500.0
Felipe,Mora,Portland Timbers,F,120000.0,317750.0
Santiago,Morales,Inter Miami,M-F,67360.0,75693.0
Efraín,Morales,Atlanta United,D,85444.0,85444.0
Alfredo,Morales,New York City FC,M,600000.0,662250.0
Maxi,Moralez,New York City FC,M-F,480000.0,500000.0
Steven,Moreira,Columbus Crew,D,700000.0,782708.0
Santiago,Moreno,Portland Timbers,M,340000.0,384993.0
Júnior,Moreno,Cincinnati,D-M,349992.0,398741.0
Lewis,Morgan,New York Red Bulls,M,1200000.0,1375000.0
Aidan,Morris,Columbus Crew,M,500000.0,562500.0
Jake,Morris,Columbus Crew,D,85444.0,85444.0
Jordan,Morris,Seattle Sounders FC,M,1550000.0,1560000.0
Juan David,Mosquera,Portland Timbers,D,184000.0,209667.0
Yerson,Mosquera,Cincinnati,D,600000.0,650000.0
Edwin,Mosquera,Atlanta United,M,375000.0,412000.0
Chris,Mueller,Chicago Fire,M,600000.0,662320.0
Hany,Mukhtar,Nashville SC,M-F,2900000.0,3188750.0
José,Mulato,FC Dallas,F,85444.0,123627.0
Daniel,Munie,San Jose Earthquakes,D,67360.0,67360.0
Mujeeb,Murana,Houston Dynamo,D,67360.0,67360.0
Jesús,Murillo,LAFC,D,450000.0,509500.0
Ian,Murphy,Cincinnati,D,72050.0,74300.0
Danny,Musovski,Real Salt Lake,F,98687.0,98687.0
Alex,Muyl,Nashville SC,M,500000.0,500000.0
Tristan,Muyumba,Atlanta United,D-M,450000.0,491600.0
Andy,Nájar,DC United,D,450000.0,450000.0
Darlington,Nagbe,Columbus Crew,M,1800000.0,1800000.0
Federico,Navarro,Chicago Fire,D-M,450000.0,507500.0
Miguel,Navarro,Chicago Fire,D,260004.0,299004.0
Rafael,Navarro Leal,Colorado Rapids,F,1100000.0,1427708.0
Hassan,Ndam,New York Red Bulls,D,88200.0,88200.0
Logan,Ndenbe,Sporting Kansas City,D,350000.0,396125.0
Jalen,Neal,LA Galaxy,D,125000.0,138625.0
Dylan,Nealis,New York Red Bulls,D,225000.0,246250.0
Sean,Nealis,New York Red Bulls,D,400000.0,476250.0
Jack,Neeley,Charlotte,D,67360.0,69360.0
Franco,Negri,Inter Miami,D,225000.0,317500.0
Michael,Nelson,Houston Dynamo,GK,135000.0,149500.0
John,Nelson,St. Louis City SC,D,160000.0,168000.0
Jake,Nerwinski,St. Louis City SC,D,250000.0,277500.0
Harvey,Neville,Inter Miami,D,67360.0,67360.0
J.C.,Ngando,Vancouver Whitecaps,D-M,67360.0,85359.0
Serge,Ngoma,New York Red Bulls,M,67360.0,87312.0
Sam,Nicholson,Colorado Rapids,M,325000.0,360313.0
Jaroslaw,Niezgoda,Portland Timbers,F,850000.0,1019244.0
Joakim,Nilsson,St. Louis City SC,D,1102450.0,1170950.0
Matthew,Nocita,New York Red Bulls,D,88200.0,88200.0
Nolan,Norris,FC Dallas,D,67360.0,86002.0
Tsiki,Ntsabeleng,FC Dallas,M-F,85444.0,85444.0
Obinna,Nwobodo,Cincinnati,D-M,1155000.0,1289400.0
Moses,Nyeman,Real Salt Lake,D-M,115000.0,133822.0
Owen,O'Malley,St. Louis City SC,D,67360.0,72360.0
Shane,O'Neill,Toronto FC,D,350000.0,388000.0
Kevin,O'Toole,New York City FC,D,85444.0,85444.0
Jáder,Obrian,FC Dallas,M,382500.0,467100.0
Alfonso,Ocampo-Chávez,Austin FC,F,67360.0,83360.0
David,Ochoa,Inter Miami,D-M,67360.0,69360.0
Emmanuel,Ochoa,San Jose Earthquakes,GK,130000.0,140071.0
Richard,Odada,Philadelphia Union,M,95000.0,113500.0
Chinonso,Offor,CF Montreal,F,200000.0,257875.0
Curtis,Ofori,New York Red Bulls,D,67360.0,76110.0
Martín,Ojeda,Orlando City SC,M,840000.0,912600.0
Braian,Ojeda,Real Salt Lake,M,590000.0,648653.0
Jean Mota,Oliveira de Sousa,Inter Miami,M,750000.0,828750.0
Cristian,Olivera,LAFC,M,650000.0,650000.0
Tani,Oluwaseyi,Minnesota United,F,68775.0,68775.0
Wyatt,Omsberg,Chicago Fire,D,170000.0,187000.0
Kwadwo,Opoku,CF Montreal,M,310344.0,512100.0
Arquímides,Ordóñez,Cincinnati,F,85444.0,88981.0
Nathan,Ordaz,LAFC,F,85444.0,87944.0
Sergio,Oregel,Chicago Fire,M,67360.0,67360.0
Jaziel,Orozco,Real Salt Lake,D,85444.0,85444.0
Jonathan,Osorio,Toronto FC,M,1400000.0,1400000.0
Tomás,Ostrák,St. Louis City SC,M-F,700000.0,801000.0
Javier,Otero,Orlando City SC,GK,67360.0,67360.0
Bryan,Oviedo,Real Salt Lake,D,325000.0,375826.0
Prince Osei,Owusu,Toronto FC,F,600000.0,707500.0
Samuel,Owusu,New York City FC,D,67360.0,67360.0
Jonathan,Pérez,LA Galaxy,M,250000.0,283000.0
Devin,Padelford,Minnesota United,D,67360.0,74360.0
Maarten,Paes,FC Dallas,GK,300000.0,337500.0
Nelson,Palacio,Real Salt Lake,M,300000.0,343167.0
Diego,Palacios,LAFC,D,540000.0,564000.0
Sergi,Palencia,LAFC,D,225000.0,432500.0
Jack,Panayotou,New England Revolution,M-F,67360.0,69360.0
Elliot,Panicco,Nashville SC,GK,89716.0,89716.0
James,Pantemis,CF Montreal,GK,144996.0,163996.0
Cristhian,Paredes,Portland Timbers,M,550000.0,648000.0
Isaiah,Parente,Columbus Crew,M,85444.0,89444.0
Isaiah,Parker,FC Dallas,D,67360.0,77360.0
Tim,Parker,St. Louis City SC,D,1000000.0,1037500.0
Keaton,Parks,New York City FC,D-M,550000.0,550000.0
Ilijah,Paul,Real Salt Lake,F,67360.0,74873.0
Nathan Raphael,Pelae Cardoso,San Jose Earthquakes,D,700000.0,741250.0
Matías,Pellegrini,New York City FC,M,1025000.0,1120833.0
Andrés,Perea,New York City FC,D-M,525000.0,591500.0
Daniel,Pereira,Austin FC,M,100000.0,118414.0
Mauricio,Pereyra,Orlando City SC,M-F,675000.0,675000.0
Miguel,Perez,St. Louis City SC,M,67360.0,67360.0
Jordan,Perruzza,Toronto FC,F,130000.0,132500.0
Nebiyou,Perry,Nashville SC,M,67360.0,74860.0
Luca,Petrasso,Orlando City SC,D,85444.0,94468.0
Raoul,Petretta,Toronto FC,D,625000.0,856625.0
Fafà,Picault,Nashville SC,M,650000.0,650000.0
Selmir,Pidro,St. Louis City SC,D,325000.0,374375.0
Nelson,Pierre,Philadelphia Union,F,67360.0,81476.0
Delentz,Pierre,Real Salt Lake,D,67360.0,72795.0
Kayden,Pierre,Sporting Kansas City,D,85444.0,91819.0
Samuel,Piette,CF Montreal,D-M,397375.0,469563.0
Mauricio,Pineda,Chicago Fire,D,255000.0,286220.0
Donovan,Pines,DC United,D,200000.0,202000.0
Malik,Pinto,Cincinnati,D-M,67360.0,67360.0
Matt,Polster,New England Revolution,D-M,500000.0,541667.0
Célio Antonio,Pompeu,St. Louis City SC,M,68775.0,68775.0
Paxton,Pomykal,FC Dallas,M-F,800000.0,908000.0
Alvas,Powell,Cincinnati,D,190000.0,207000.0
Jack,Price,Colorado Rapids,M,762500.0,825000.0
Ralph,Priso-Mbongue,Colorado Rapids,D-M,89716.0,89716.0
Andrew,Privett,Charlotte,D,67360.0,67360.0
Kacper,Przybylko,Chicago Fire,F,1100004.0,1212504.0
Riqui,Puig,LA Galaxy,M,1650000.0,1732500.0
Teemu,Pukki,Minnesota United,F,3200000.0,3550000.0
Alan,Pulido,Sporting Kansas City,F,2200000.0,2200000.0
John,Pulskamp,Sporting Kansas City,GK,150000.0,173500.0
Juan José,Purata,Atlanta United,D,400000.0,483500.0
Nelson,Quiñónes,Houston Dynamo,M,216996.0,237890.0
Facundo,Quignón,FC Dallas,D-M,836000.0,890627.0
Philip,Quinton,Columbus Crew,D,67360.0,67360.0
Romell,Quioto,CF Montreal,F,950000.0,1035000.0
Daniel,Ríos,Houston Dynamo,M-F,85444.0,89886.0
Nemanja,Radoja,Sporting Kansas City,D-M,800000.0,890000.0
Jeremy,Rafanello,Philadelphia Union,M-F,85444.0,93080.0
Jackson,Ragen,Seattle Sounders FC,D,85444.0,85444.0
Brooklyn,Raines,Houston Dynamo,M,85444.0,103507.0
Christian,Ramirez,Columbus Crew,F,400000.0,445833.0
Greg,Ranjitsingh,Toronto FC,GK,95000.0,100167.0
Ryan,Raposo,Vancouver Whitecaps,M,120000.0,137000.0
Justin,Rasmussen,Portland Timbers,D,85444.0,85444.0
Sean,Rea,CF Montreal,M-F,85444.0,92340.0
Matt,Real,Philadelphia Union,D,140000.0,149833.0
Rodney,Redes,Austin FC,M,440000.0,440000.0
Jayden,Reid,New York Red Bulls,D,67360.0,77179.0
Justin,Rennicks,New England Revolution,F,125000.0,133000.0
Ben,Reveno,New England Revolution,D,68775.0,68775.0
Andrés,Reyes,New York Red Bulls,D,450000.0,494375.0
Justin,Reynolds,Chicago Fire,D,67360.0,67360.0
Emanuel,Reynoso,Minnesota United,M-F,1600000.0,2151200.0
Spencer,Richey,Chicago Fire,GK,132000.0,132000.0
Will,Richmond,San Jose Earthquakes,M,68775.0,68775.0
Emiliano,Rigoni,Austin FC,M,1599996.0,2047996.0
Chris,Rindov,Sporting Kansas City,D,67360.0,67360.0
Alexander,Ring,Austin FC,M,1500000.0,1640000.0
Birk,Risa,New York City FC,D,600000.0,689750.0
Wilfredo,Rivera,Orlando City SC,F,85444.0,85444.0
Luis,Rivera,Real Salt Lake,D,67360.0,78460.0
Damián,Rivera,New England Revolution,M,88200.0,88200.0
Nigel,Robertha,DC United,F,550000.0,646542.0
Robbie,Robinson,Inter Miami,M,200000.0,231000.0
Miles,Robinson,Atlanta United,D,1400000.0,1437500.0
Harrison,Robledo,Cincinnati,D-M,85444.0,106336.0
Emerson,Rodríguez,Inter Miami,M,330000.0,365700.0
Missael,Rodríguez,Chicago Fire,F,67360.0,67360.0
Martín,Rodríguez,DC United,M,1000000.0,1266200.0
Memo,Rodríguez,Austin FC,M,180000.0,210167.0
Santiago,Rodríguez,New York City FC,M-F,1200000.0,1331333.0
Antônio Josenildo,Rodrigues de Oliveira,San Jose Earthquakes,D,600000.0,658000.0
Allan,Rodriguez,Chicago Fire,D-M,85444.0,87344.0
Abraham,Rodriguez,Colorado Rapids,GK,88200.0,88200.0
Cristian,Roldán,Seattle Sounders FC,M,1320000.0,1441000.0
Álex,Roldán,Seattle Sounders FC,D,300000.0,332500.0
Jhohan,Romaña,Austin FC,D,460000.0,460000.0
Brian,Romero,Charlotte,M,67360.0,78193.0
Tomás,Romero,Toronto FC,GK,120000.0,125000.0
Abraham,Romero,LAFC,GK,85444.0,85444.0
Dave,Romney,New England Revolution,D,625000.0,671667.0
Connor,Ronan,Colorado Rapids,M,460000.0,512400.0
Diego,Rosales,LAFC,D,67360.0,67360.0
Joseph,Rosales,Minnesota United,M,85444.0,85444.0
Uri,Rosell,LA Galaxy,D-M,500000.0,500000.0
Keegan,Rosenberry,Colorado Rapids,D,400000.0,400000.0
Dany,Rosero,Sporting Kansas City,D,456000.0,456000.0
Matheus,Rossetto,Atlanta United,M,650000.0,764375.0
Diego,Rossi,Columbus Crew,M,2625000.0,2677000.0
Sigurd,Rosted,Toronto FC,D,763636.0,768636.0
Paul,Rothrock,Seattle Sounders FC,F,85444.0,85444.0
Kelyn,Rowe,Seattle Sounders FC,M,300000.0,300000.0
Rubio,Rubín,Real Salt Lake,F,600000.0,672847.0
Diego,Rubio,Colorado Rapids,F,660000.0,714667.0
Raúl,Ruidíaz,Seattle Sounders FC,F,2472000.0,3201120.0
Pablo,Ruiz,Real Salt Lake,M,500000.0,573500.0
Albert,Rusnák,Seattle Sounders FC,M-F,1800000.0,1871667.0
Johnny,Russell,Sporting Kansas City,M,1000000.0,1000000.0
Jacen,Russell-Rowe,Columbus Crew,F,67360.0,74749.0
Ilie,Sánchez,LAFC,D-M,1207500.0,1207500.0
Ryan,Sailor,Inter Miami,D,85444.0,85444.0
Adam,Saldaña,LA Galaxy,M,93989.0,93989.0
Nathan-Dylan,Saliba,CF Montreal,M,67360.0,79169.0
Abdi,Salim,Orlando City SC,D,67360.0,67360.0
Dániel,Sallói,Sporting Kansas City,M,1100000.0,1100000.0
Gaoussou,Samaké,DC United,D,85444.0,85444.0
Will,Sands,Columbus Crew,D,85444.0,91694.0
James,Sands,New York City FC,D,1000000.0,1058333.0
Pedro,Santos,DC United,M,350000.0,390000.0
Sergio,Santos,Cincinnati,F,700000.0,814375.0
C.J.,Sapong,Toronto FC,F,600000.0,616667.0
Hayden,Sargis,DC United,D,85444.0,85444.0
Jefferson,Savarino,Real Salt Lake,M,1525000.0,1749292.0
Nick,Scardina,Charlotte,M,67360.0,67360.0
Alessandro,Schöpf,Vancouver Whitecaps,M-F,900000.0,992500.0
Rodrigo,Schlegel,Orlando City SC,D,300000.0,349250.0
Tate,Schmitt,Houston Dynamo,D,85444.0,85444.0
Max,Schneider,St. Louis City SC,M,68775.0,68775.0
Patrick,Schulte,Columbus Crew,GK,88200.0,103178.0
Brady,Scott,Columbus Crew,GK,88200.0,88200.0
Tarik,Scott,FC Dallas,M,67360.0,83302.0
Dante,Sealy,FC Dallas,M,250000.0,277301.0
Gabriel,Segal,New York City FC,F,67360.0,67360.0
Eddie,Segura,LAFC,D,450000.0,450000.0
Amar,Sejdic,Atlanta United,D-M,85444.0,92111.0
Brandon,Servania,Toronto FC,M,475000.0,530833.0
Jacob,Shaffelburg,Nashville SC,M,150000.0,195000.0
Xherdan,Shaqiri,Chicago Fire,M-F,7350000.0,8153000.0
Billy,Sharp,LA Galaxy,F,240000.0,240000.0
Khiry,Shelton,Sporting Kansas City,F,575000.0,625000.0
Jonathan,Shore,New York City FC,M,67360.0,79860.0
Marcelo,Silva,Real Salt Lake,D,600000.0,600000.0
Xande,Silva,Atlanta United,M,480000.0,524250.0
Judson,Silva Tavares,San Jose Earthquakes,D-M,250000.0,250000.0
Vinicius,Silveira de Mello,Charlotte,F,315000.0,349900.0
Luke,Singh,Toronto FC,D,85444.0,93410.0
Jonathan,Sirois,CF Montreal,GK,85444.0,89780.0
Pablo,Sisniega,Charlotte,GK,190000.0,210667.0
Jack,Skahan,San Jose Earthquakes,M,88200.0,88200.0
Joey,Skinner,Nashville SC,D,67360.0,72360.0
Kyle,Smith,Orlando City SC,D,250000.0,265900.0
Collin,Smith,FC Dallas,D,130000.0,135000.0
Brad,Smith,Houston Dynamo,D,375000.0,416875.0
Jan,Sobocinski,Charlotte,D,325000.0,351250.0
Anton,Sorenson,Philadelphia Union,D,95000.0,98000.0
Santiago,Sosa,Atlanta United,D-M,575000.0,693100.0
Arnaud,Souquet,Chicago Fire,D,600000.0,679667.0
Ryan,Spaulding,New England Revolution,D,85444.0,85444.0
Steven,Sserwadda,New York Red Bulls,M,68775.0,68775.0
Dayne,St. Clair,Minnesota United,GK,410000.0,431875.0
Mason,Stajduhar,Orlando City SC,GK,130000.0,145650.0
Nicolás,Stefanelli,Inter Miami,F,400000.0,441667.0
Daniel,Steres,Houston Dynamo,D,355000.0,402175.0
Peter,Stroud,New York Red Bulls,M,85444.0,105447.0
Jared,Stroud,St. Louis City SC,M,88200.0,103200.0
Brad,Stuver,Austin FC,GK,408000.0,430813.0
Santiago,Suárez,New England Revolution,D,67360.0,80582.0
Quinn,Sullivan,Philadelphia Union,M,120000.0,123500.0
Hunter,Sulte,Portland Timbers,GK,85444.0,89247.0
Lawson,Sunderland,Inter Miami,M,67360.0,67360.0
Sam,Surridge,Nashville SC,F,2500000.0,2907639.0
Erik,Sviatchenko,Houston Dynamo,D,410532.0,460532.0
Ben,Sweat,New England Revolution,D,250000.0,250000.0
Karol,Swiderski,Charlotte,F,2200000.0,2258000.0
Ismael,Tajouri-Shradi,Minnesota United,M,85444.0,98777.0
Yohei,Takaoka,Vancouver Whitecaps,GK,179520.0,297233.0
Miguel,Tapias,Minnesota United,D,500012.0,586887.0
Andrew,Tarbell,Houston Dynamo,GK,250000.0,280000.0
Sidnei,Tavares,Colorado Rapids,M,525000.0,750600.0
Robert,Taylor,Inter Miami,M,276000.0,302900.0
D.J.,Taylor,Minnesota United,D,98261.0,98261.0
Russell,Teibert,Vancouver Whitecaps,D-M,400000.0,449375.0
Carlos,Terán,Chicago Fire,D,260004.0,350004.0
Dylan,Teves,Seattle Sounders FC,M,68775.0,68775.0
Dagur Dan,Thórhallsson,Orlando City SC,M,160000.0,195500.0
Nökkvi,Thórisson,St. Louis City SC,M,150000.0,172438.0
Jamal,Thiaré,Atlanta United,F,977679.0,1072679.0
Andrew,Thomas,Seattle Sounders FC,GK,125000.0,132500.0
Erik,Thommy,Sporting Kansas City,M-F,1550000.0,1656250.0
Kosi,Thompson,Toronto FC,M,85444.0,90704.0
Tommy,Thompson,San Jose Earthquakes,D,115000.0,115000.0
Róbert Orri,Thorkelsson,CF Montreal,D,175000.0,198500.0
Timothy,Tillman,LAFC,M,500000.0,537500.0
Keegan,Tingey,San Jose Earthquakes,D,67360.0,67360.0
John,Tolkin,New York Red Bulls,D,400000.0,435500.0
Nouhou,Tolo,Seattle Sounders FC,D,550000.0,571875.0
Facundo,Torres,Orlando City SC,M,640000.0,993200.0
Jairo,Torres,Chicago Fire,M,1100004.0,1469337.0
Joaquín,Torres,Philadelphia Union,M,260000.0,309800.0
Christian,Torres,LAFC,M,112500.0,123165.0
Dantouma,Toure,Major League Soccer,M,85444.0,100062.0
Mason,Toye,CF Montreal,F,550000.0,608000.0
Mohamed,Traore,LAFC,D,125000.0,125000.0
Wil,Trapp,Minnesota United,D-M,850000.0,850000.0
Miguel,Trauco,San Jose Earthquakes,D,500000.0,550000.0
Jackson,Travis,Colorado Rapids,D,67360.0,69860.0
Holden,Trent,Philadelphia Union,GK,67360.0,67360.0
Niko,Tsakiris,San Jose Earthquakes,M,85444.0,89611.0
Bill,Tuiloma,Charlotte,D,435000.0,459938.0
Stephen,Turnbull,New York City FC,D,85444.0,85444.0
Ema,Twumasi,FC Dallas,D,320000.0,339300.0
Marinos,Tzionis,Sporting Kansas City,M,625000.0,625000.0
Mikael,Uhre,Philadelphia Union,F,1700000.0,1940000.0
Nathan,Uiliam Fogaça,Portland Timbers,F,68775.0,68775.0
Víctor,Ulloa,Inter Miami,D-M,250000.0,250000.0
Jere,Uronen,Charlotte,D,450000.0,497813.0
Maximiliano,Urruti,Austin FC,F,700000.0,736250.0
Víctor,Vázquez,Toronto FC,M-F,268000.0,301500.0
Leo,Väisänen,Austin FC,D,600000.0,654500.0
Tomas,Vaclik,New England Revolution,GK,400000.0,436944.0
Xavier,Valdez,Houston Dynamo,GK,85444.0,95155.0
Felipe,Valencia,Inter Miami,M,85444.0,85444.0
Jhojan,Valencia,Austin FC,D-M,400000.0,445125.0
Zarek,Valentin,Minnesota United,D,85444.0,85444.0
Gerardo,Valenzuela,Cincinnati,M-F,67360.0,84902.0
Gustavo,Vallecilla,Columbus Crew,D,336000.0,368880.0
Dante,Vanzeir,New York Red Bulls,F,1320000.0,1459767.0
Kerwin,Vargas,Charlotte,F,375000.0,412125.0
Obed,Vargas,Seattle Sounders FC,M,67360.0,76392.0
Indiana,Vassilev,St. Louis City SC,M-F,250000.0,281250.0
Brandon,Vazquez,Cincinnati,F,900000.0,1041000.0
Carlos,Vela,LAFC,M,3000000.0,4383900.0
Alan,Velasco,FC Dallas,M,1200000.0,1401000.0
Brayan,Vera,Real Salt Lake,D,450000.0,507000.0
Matías,Vera,Houston Dynamo,D-M,550000.0,622813.0
Oscar,Verhoeven,San Jose Earthquakes,D,67360.0,80755.0
Kenneth,Vermeer,Major League Soccer,GK,387334.0,387334.0
Ranko,Veselinovic,Vancouver Whitecaps,D,495000.0,580500.0
Jules-Anthony,Vilsaint,CF Montreal,F,85444.0,92319.0
Pedro,Vite,Vancouver Whitecaps,M-F,592000.0,645997.0
Gino,Vivi,LA Galaxy,M,67360.0,67360.0
Robert,Voloder,Sporting Kansas City,D,425000.0,452860.0
Giacomo,Vrioni,New England Revolution,F,1600000.0,1847500.0
Kai,Wagner,Philadelphia Union,D,630000.0,701000.0
Casey,Walls,San Jose Earthquakes,D,150000.0,153000.0
Rémi,Walter,Sporting Kansas City,M,850000.0,850000.0
Paul,Walters,Cincinnati,GK,67360.0,75327.0
Victor,Wanyama,CF Montreal,D-M,1440000.0,1800000.0
Collen,Warner,Major League Soccer,M,85444.0,85444.0
Taylor,Washington,Nashville SC,D,98688.0,112269.0
Joel,Waterman,CF Montreal,D,161369.0,288202.0
Akil,Watts,St. Louis City SC,D-M,67360.0,67360.0
Patrick,Weah,Minnesota United,M,85444.0,98736.0
Jude,Wellings,Real Salt Lake,M,85444.0,105444.0
Quentin,Westberg,Atlanta United,GK,200000.0,200000.0
Ashley,Westwood,Charlotte,D-M,750000.0,850000.0
Brian,White,Vancouver Whitecaps,F,511000.0,511000.0
Caleb,Wiley,Atlanta United,D,85444.0,87044.0
Thomas,Williams,Orlando City SC,D,85444.0,91974.0
Josh,Williams,Columbus Crew,D,325000.0,325000.0
Derrick,Williams,DC United,D,800000.0,871458.0
Eryk,Williamson,Portland Timbers,M,625000.0,625000.0
Joe,Willis,Nashville SC,GK,375000.0,391250.0
Danny,Wilson,Colorado Rapids,D,330000.0,354750.0
Tyler,Wolff,Atlanta United,M,120000.0,124500.0
Owen,Wolff,Austin FC,M,100000.0,113053.0
Bobby,Wood,New England Revolution,F,400000.0,421250.0
Laurence,Wyke,Nashville SC,D,85444.0,87777.0
Karifa,Yao,Vancouver Whitecaps,D,89716.0,94123.0
Darren,Yapi,Colorado Rapids,F,85444.0,96277.0
William,Yarbrough,Colorado Rapids,GK,400000.0,475000.0
Joshua,Yaro,St. Louis City SC,D,85444.0,85444.0
Dru,Yearwood,New York Red Bulls,M,525000.0,593750.0
Yaw,Yeboah,Columbus Crew,M,600000.0,663750.0
DeAndre,Yedlin,Inter Miami,D,825000.0,873750.0
Maya,Yoshida,LA Galaxy,D,800000.0,893334.0
Jackson,Yueill,San Jose Earthquakes,M,750000.0,786875.0
Luis,Zamudio,DC United,GK,85444.0,85444.0
Gyasi,Zardes,Austin FC,F,800000.0,800000.0
Eriq,Zavaleta,LA Galaxy,D,85444.0,85444.0
Sean,Zawadzki,Columbus Crew,M,88200.0,93200.0
Adrián,Zendejas,Charlotte,GK,85444.0,93430.0
Walker,Zimmerman,Nashville SC,D,1800000.0,2056979.0
Rida,Zouhir,CF Montreal,M,85444.0,92340.0
Ethan,Zubak,Nashville SC,F,195000.0,209000.0
Dario,Zuparic,Portland Timbers,D,735000.0,939200.0
Graham,Zusi,Sporting Kansas City,D,325000.0,325000.0
